{"cameraMode":{"drawMode":0,"name":"Shaded","section":"Shading Mode"},"sceneLighting":true,"audioPlay":false,"sceneViewState":{"m_AlwaysRefresh":false,"showFog":true,"showSkybox":true,"showFlares":true,"showImageEffects":true,"showParticleSystems":true,"showVisualEffectGraphs":true,"m_FxEnabled":true},"in2DMode":false,"pivot":{"x":-0.04271029680967331,"y":0.10910581052303314,"z":0.5431615114212036},"rotation":{"x":0.005337798036634922,"y":0.9803308844566345,"z":-0.1954689621925354,"w":0.02677059918642044},"size":0.19654737412929536,"orthographic":false}